{
    "periodicos":
    [{
        "nombre": "El Universo",
        "imgIcon": "assets/img/el_universo_icon.png",
        "secciones":
        [{
            "nombre": "Política",
            "url": "http://www.eluniverso.com/rss/politica.xml"
        },{
            "nombre": "Economía",
            "url": "http://www.eluniverso.com/rss/economia.xml"
        },{
            "nombre": "Internacional",
            "url": "http://www.eluniverso.com/rss/internacional.xml"
        },{
            "nombre": "Ecuador",
            "url": "http://www.eluniverso.com/rss/ecuador.xml"
        },{
            "nombre": "Intercultural",
            "url": "http://www.eluniverso.com/rss/intercultural"
        },{
            "nombre": "Seguridad",
            "url": "http://www.eluniverso.com/rss/seguridad"
        },{
            "nombre": "Informes",
            "url": "http://www.eluniverso.com/rss/informes.xml"
        }]
    },{
        "nombre": "El Comercio",
        "imgIcon": "assets/img/el_comercio_icon.png",
        "secciones":
        [{
            "nombre": "Titulares",
            "url": "http://www.elcomercio.com/rss/"
        },{
            "nombre": "Actualidad",
            "url": "http://www.elcomercio.com/rss/actualidad"
        },{
            "nombre": "Tendencias",
            "url": "http://www.elcomercio.com/rss/tendencias"
        },{
            "nombre": "Deportes",
            "url": "http://www.elcomercio.com/rss/deportes"
        },{
            "nombre": "Opinión",
            "url": "http://www.elcomercio.com/rss/opinion"
        }]
    },{
        "nombre": "El Telégrafo",
        "imgIcon": "assets/img/el_telegrafo_icon.png",
        "secciones":
        [{
            "nombre": "Economía",
            "url": "http://www.eltelegrafo.com.ec/rss/categoria/8/88:economia?format=feed"
        },{
            "nombre": "Opinión",
            "url": "http://www.eltelegrafo.com.ec/rss/categoria/20/4:opinion?format=feed"
        },{
            "nombre": "Cultura",
            "url": "http://www.eltelegrafo.com.ec/rss/categoria/7/42:cultura?format=feed"
        },{
            "nombre": "Justicia",
            "url": "http://www.eltelegrafo.com.ec/rss/categoria/13/39:judicial?format=feed"
        },{
            "nombre": "Fanático",
            "url": "http://www.eltelegrafo.com.ec/rss/categoria/6/3:fanatico?format=feed"
        },{
            "nombre": "Sociedad",
            "url": "http://www.eltelegrafo.com.ec/rss/categoria/4/41:sociedad?format=feed"
        },{
            "nombre": "Mundo",
            "url": "http://www.eltelegrafo.com.ec/rss/categoria/9/77:mundo?format=feed"
        },{
            "nombre": "Política",
            "url": "http://www.eltelegrafo.com.ec/rss/categoria/2/318:politica?format=feed"
        }]
    },{
        "nombre": "Extra",
        "imgIcon": "assets/img/extra_icon.png",
        "secciones":
        [{
            "nombre": "Portada",
            "url": "http://www.extra.ec/rss/portada.xml"
        },{
            "nombre": "Actualidad",
            "url": "http://www.extra.ec/rss/actualidad.xml"
        },{
            "nombre": "Deportes",
            "url": "http://www.extra.ec/rss/deportes.xml"
        },{
            "nombre": "Buena Vida",
            "url": "http://www.extra.ec/rss/buena-vida.xml"
        },{
            "nombre": "Opinión",
            "url": "http://www.extra.ec/rss/opinion.xml"
        },{
            "nombre": "Blogs",
            "url": "http://www.extra.ec/rss/blogs.xml"
        },{
            "nombre": "Extra Divas",
            "url": "http://www.extra.ec/rss/extra-divas.xml"
        }]
    }]
}